frame_number,num_detections,detection_time,avg_similarity_time,total_time
2,3,1.5216822624206543,0.11723661422729492,1.873392105102539
4,3,0.5372645854949951,0.1127324899037679,0.8754620552062988
6,3,0.5472149848937988,0.11530232429504395,0.8931219577789307
8,3,0.5906381607055664,0.12405665715535481,0.9628081321716309
10,3,0.5445160865783691,0.12087631225585938,0.9071450233459473
12,4,0.5747606754302979,0.11082500219345093,1.0180606842041016
14,3,0.5880100727081299,0.11741495132446289,0.9402549266815186
